lat,long,temp,temp_std,clouds,clouds_std
-80,-170,11.551639344262412,3.9663114754098343,53.60330601092898,37.81013661202185
-80,-160,11.551639344262412,3.9663114754098343,53.60330601092898,37.81013661202185
-80,-150,7.576502732240385,2.9566939890710366,48.74603825136614,32.37524590163938
-80,-140,7.576502732240385,2.9566939890710366,48.74603825136614,32.37524590163938
-80,-130,7.576502732240385,2.9566939890710366,48.74603825136614,32.37524590163938
-80,-120,7.576502732240385,2.9566939890710366,48.74603825136614,32.37524590163938
-80,-110,7.576502732240385,2.9566939890710366,48.74603825136614,32.37524590163938
-80,-100,7.576502732240385,2.9566939890710366,48.74603825136614,32.37524590163938
-80,-90,7.576502732240385,2.9566939890710366,48.74603825136614,32.37524590163938
-80,-80,7.576502732240385,2.9566939890710366,48.74603825136614,32.37524590163938
-80,-70,7.576502732240385,2.9566939890710366,48.74603825136614,32.37524590163938
-80,-60,7.576502732240385,2.9566939890710366,48.74603825136614,32.37524590163938
-80,-50,7.576502732240385,2.9566939890710366,48.74603825136614,32.37524590163938
-80,-40,7.576502732240385,2.9566939890710366,48.74603825136614,32.37524590163938
-80,-30,7.576502732240385,2.9566939890710366,48.74603825136614,32.37524590163938
-80,-20,7.576502732240385,2.9566939890710366,48.74603825136614,32.37524590163938
-80,-10,7.576502732240385,2.9566939890710366,48.74603825136614,32.37524590163938
-80,0,7.576502732240385,2.9566939890710366,48.74603825136614,32.37524590163938
-80,10,7.576502732240385,2.9566939890710366,48.74603825136614,32.37524590163938
-80,20,7.576502732240385,2.9566939890710366,48.74603825136614,32.37524590163938
-80,30,7.576502732240385,2.9566939890710366,48.74603825136614,32.37524590163938
-80,40,7.576502732240385,2.9566939890710366,48.74603825136614,32.37524590163938
-80,50,7.576502732240385,2.9566939890710366,48.74603825136614,32.37524590163938
-80,60,7.576502732240385,2.9566939890710366,48.74603825136614,32.37524590163938
-80,70,7.576502732240385,2.9566939890710366,48.74603825136614,32.37524590163938
-80,80,11.551639344262412,3.9663114754098343,53.60330601092898,37.81013661202185
-80,90,11.551639344262412,3.9663114754098343,53.60330601092898,37.81013661202185
-80,100,11.551639344262412,3.9663114754098343,53.60330601092898,37.81013661202185
-80,110,11.551639344262412,3.9663114754098343,53.60330601092898,37.81013661202185
-80,120,11.551639344262412,3.9663114754098343,53.60330601092898,37.81013661202185
-80,130,11.551639344262412,3.9663114754098343,53.60330601092898,37.81013661202185
-80,140,11.551639344262412,3.9663114754098343,53.60330601092898,37.81013661202185
-80,150,11.551639344262412,3.9663114754098343,53.60330601092898,37.81013661202185
-80,160,11.551639344262412,3.9663114754098343,53.60330601092898,37.81013661202185
-80,170,11.551639344262412,3.9663114754098343,53.60330601092898,37.81013661202185
-70,-170,11.551639344262412,3.9663114754098343,53.60330601092898,37.81013661202185
-70,-160,11.551639344262412,3.9663114754098343,53.60330601092898,37.81013661202185
-70,-150,11.551639344262412,3.9663114754098343,53.60330601092898,37.81013661202185
-70,-140,11.551639344262412,3.9663114754098343,53.60330601092898,37.81013661202185
-70,-130,7.576502732240385,2.9566939890710366,48.74603825136614,32.37524590163938
-70,-120,7.576502732240385,2.9566939890710366,48.74603825136614,32.37524590163938
-70,-110,7.576502732240385,2.9566939890710366,48.74603825136614,32.37524590163938
-70,-100,7.576502732240385,2.9566939890710366,48.74603825136614,32.37524590163938
-70,-90,7.576502732240385,2.9566939890710366,48.74603825136614,32.37524590163938
-70,-80,7.576502732240385,2.9566939890710366,48.74603825136614,32.37524590163938
-70,-70,7.576502732240385,2.9566939890710366,48.74603825136614,32.37524590163938
-70,-60,7.576502732240385,2.9566939890710366,48.74603825136614,32.37524590163938
-70,-50,7.576502732240385,2.9566939890710366,48.74603825136614,32.37524590163938
-70,-40,7.576502732240385,2.9566939890710366,48.74603825136614,32.37524590163938
-70,-30,7.576502732240385,2.9566939890710366,48.74603825136614,32.37524590163938
-70,-20,7.576502732240385,2.9566939890710366,48.74603825136614,32.37524590163938
-70,-10,7.576502732240385,2.9566939890710366,48.74603825136614,32.37524590163938
-70,0,7.576502732240385,2.9566939890710366,48.74603825136614,32.37524590163938
-70,10,18.36407103825121,3.409890710382512,31.373934426229525,34.111775956284156
-70,20,17.450846994535652,3.748032786885245,39.76609289617484,36.151912568305995
-70,30,19.201338797814515,3.417786885245902,34.91213114754098,35.24989071038251
-70,40,19.201338797814515,3.417786885245902,34.91213114754098,35.24989071038251
-70,50,19.201338797814515,3.417786885245902,34.91213114754098,35.24989071038251
-70,60,19.201338797814515,3.417786885245902,34.91213114754098,35.24989071038251
-70,70,19.201338797814515,3.417786885245902,34.91213114754098,35.24989071038251
-70,80,19.96251366120225,4.619617486338798,25.723278688524573,31.265081967213106
-70,90,19.96251366120225,4.619617486338798,25.723278688524573,31.265081967213106
-70,100,19.96251366120225,4.619617486338798,25.723278688524573,31.265081967213106
-70,110,15.72188524590149,4.1869398907103825,59.42352459016396,34.65601092896173
-70,120,11.551639344262412,3.9663114754098343,53.60330601092898,37.81013661202185
-70,130,11.551639344262412,3.9663114754098343,53.60330601092898,37.81013661202185
-70,140,11.551639344262412,3.9663114754098343,53.60330601092898,37.81013661202185
-70,150,11.551639344262412,3.9663114754098343,53.60330601092898,37.81013661202185
-70,160,11.551639344262412,3.9663114754098343,53.60330601092898,37.81013661202185
-70,170,11.551639344262412,3.9663114754098343,53.60330601092898,37.81013661202185
-60,-170,11.551639344262412,3.9663114754098343,53.60330601092898,37.81013661202185
-60,-160,11.551639344262412,3.9663114754098343,53.60330601092898,37.81013661202185
-60,-150,11.551639344262412,3.9663114754098343,53.60330601092898,37.81013661202185
-60,-140,11.551639344262412,3.9663114754098343,53.60330601092898,37.81013661202185
-60,-130,7.576502732240385,2.9566939890710366,48.74603825136614,32.37524590163938
-60,-120,7.576502732240385,2.9566939890710366,48.74603825136614,32.37524590163938
-60,-110,7.576502732240385,2.9566939890710366,48.74603825136614,32.37524590163938
-60,-100,7.576502732240385,2.9566939890710366,48.74603825136614,32.37524590163938
-60,-90,7.576502732240385,2.9566939890710366,48.74603825136614,32.37524590163938
-60,-80,7.576502732240385,2.9566939890710366,48.74603825136614,32.37524590163938
-60,-70,7.576502732240385,2.9566939890710366,48.74603825136614,32.37524590163938
-60,-60,7.576502732240385,2.9566939890710366,48.74603825136614,32.37524590163938
-60,-50,7.576502732240385,2.9566939890710366,48.74603825136614,32.37524590163938
-60,-40,7.576502732240385,2.9566939890710366,48.74603825136614,32.37524590163938
-60,-30,7.576502732240385,2.9566939890710366,48.74603825136614,32.37524590163938
-60,-20,7.576502732240385,2.9566939890710366,48.74603825136614,32.37524590163938
-60,-10,18.36407103825121,3.409890710382512,31.373934426229525,34.111775956284156
-60,0,18.36407103825121,3.409890710382512,31.373934426229525,34.111775956284156
-60,10,18.36407103825121,3.409890710382512,31.373934426229525,34.111775956284156
-60,20,17.450846994535652,3.748032786885245,39.76609289617484,36.151912568305995
-60,30,19.201338797814515,3.417786885245902,34.91213114754098,35.24989071038251
-60,40,19.201338797814515,3.417786885245902,34.91213114754098,35.24989071038251
-60,50,19.201338797814515,3.417786885245902,34.91213114754098,35.24989071038251
-60,60,20.88393442622953,3.0436612021857905,39.24612021857924,35.958497267759554
-60,70,20.88393442622953,3.0436612021857905,39.24612021857924,35.958497267759554
-60,80,19.96251366120225,4.619617486338798,25.723278688524573,31.265081967213106
-60,90,19.96251366120225,4.619617486338798,25.723278688524573,31.265081967213106
-60,100,19.96251366120225,4.619617486338798,25.723278688524573,31.265081967213106
-60,110,19.96251366120225,4.619617486338798,25.723278688524573,31.265081967213106
-60,120,15.72188524590149,4.1869398907103825,59.42352459016396,34.65601092896173
-60,130,15.72188524590149,4.1869398907103825,59.42352459016396,34.65601092896173
-60,140,15.72188524590149,4.1869398907103825,59.42352459016396,34.65601092896173
-60,150,11.551639344262412,3.9663114754098343,53.60330601092898,37.81013661202185
-60,160,11.551639344262412,3.9663114754098343,53.60330601092898,37.81013661202185
-60,170,11.551639344262412,3.9663114754098343,53.60330601092898,37.81013661202185
-50,-170,13.288551912568494,4.153306010928964,48.8252185792349,38.5289344262295
-50,-160,14.8230054644809,2.702021857923498,48.27920765027319,36.87631147540985
-50,-150,14.8230054644809,2.702021857923498,48.27920765027319,36.87631147540985
-50,-140,14.8230054644809,2.702021857923498,48.27920765027319,36.87631147540985
-50,-130,7.576502732240385,2.9566939890710366,48.74603825136614,32.37524590163938
-50,-120,7.576502732240385,2.9566939890710366,48.74603825136614,32.37524590163938
-50,-110,7.576502732240385,2.9566939890710366,48.74603825136614,32.37524590163938
-50,-100,7.576502732240385,2.9566939890710366,48.74603825136614,32.37524590163938
-50,-90,7.576502732240385,2.9566939890710366,48.74603825136614,32.37524590163938
-50,-80,7.576502732240385,2.9566939890710366,48.74603825136614,32.37524590163938
-50,-70,7.576502732240385,2.9566939890710366,48.74603825136614,32.37524590163938
-50,-60,14.169699453552141,4.568797814207654,21.96833333333334,31.777732240437143
-50,-50,14.169699453552141,4.568797814207654,21.96833333333334,31.777732240437143
-50,-40,15.755409836065496,3.96431693989071,39.09691256830602,38.0713661202186
-50,-30,15.755409836065496,3.96431693989071,39.09691256830602,38.0713661202186
-50,-20,15.755409836065496,3.96431693989071,39.09691256830602,38.0713661202186
-50,-10,18.36407103825121,3.409890710382512,31.373934426229525,34.111775956284156
-50,0,18.36407103825121,3.409890710382512,31.373934426229525,34.111775956284156
-50,10,18.36407103825121,3.409890710382512,31.373934426229525,34.111775956284156
-50,20,18.36407103825121,3.409890710382512,31.373934426229525,34.111775956284156
-50,30,19.201338797814515,3.417786885245902,34.91213114754098,35.24989071038251
-50,40,20.88393442622953,3.0436612021857905,39.24612021857924,35.958497267759554
-50,50,20.88393442622953,3.0436612021857905,39.24612021857924,35.958497267759554
-50,60,20.88393442622953,3.0436612021857905,39.24612021857924,35.958497267759554
-50,70,24.806693989070823,2.4607650273224024,43.48262295081965,34.03281420765027
-50,80,19.96251366120225,4.619617486338798,25.723278688524573,31.265081967213106
-50,90,19.96251366120225,4.619617486338798,25.723278688524573,31.265081967213106
-50,100,19.96251366120225,4.619617486338798,25.723278688524573,31.265081967213106
-50,110,19.96251366120225,4.619617486338798,25.723278688524573,31.265081967213106
-50,120,19.96251366120225,4.619617486338798,25.723278688524573,31.265081967213106
-50,130,15.72188524590149,4.1869398907103825,59.42352459016396,34.65601092896173
-50,140,15.72188524590149,4.1869398907103825,59.42352459016396,34.65601092896173
-50,150,15.72188524590149,4.1869398907103825,59.42352459016396,34.65601092896173
-50,160,11.551639344262412,3.9663114754098343,53.60330601092898,37.81013661202185
-50,170,11.551639344262412,3.9663114754098343,53.60330601092898,37.81013661202185
-40,-170,16.210819672131265,3.079153005464481,46.83647540983605,38.679344262295054
-40,-160,16.210819672131265,3.079153005464481,46.83647540983605,38.679344262295054
-40,-150,16.210819672131265,3.079153005464481,46.83647540983605,38.679344262295054
-40,-140,14.8230054644809,2.702021857923498,48.27920765027319,36.87631147540985
-40,-130,14.8230054644809,2.702021857923498,48.27920765027319,36.87631147540985
-40,-120,11.405573770491856,3.6508196721311497,59.11379781420764,34.27677595628415
-40,-110,11.405573770491856,3.6508196721311497,59.11379781420764,34.27677595628415
-40,-100,11.669972677595581,4.5318852459016385,53.7516120218579,35.68019125683062
-40,-90,12.164098360655998,4.630901639344265,51.67491803278693,35.964016393442634
-40,-80,12.164098360655998,4.630901639344265,51.67491803278693,35.964016393442634
-40,-70,16.606612021857813,5.517513661202182,20.3524043715847,31.784644808743156
-40,-60,17.54065573770538,4.701366120218578,38.37355191256827,38.72592896174861
-40,-50,15.755409836065496,3.96431693989071,39.09691256830602,38.0713661202186
-40,-40,19.97617486338777,3.8751366120218584,45.082595628415326,37.85002732240436
-40,-30,19.97617486338777,3.8751366120218584,45.082595628415326,37.85002732240436
-40,-20,24.763688524590066,3.0645355191256836,40.66125683060112,35.00860655737704
-40,-10,18.36407103825121,3.409890710382512,31.373934426229525,34.111775956284156
-40,0,18.36407103825121,3.409890710382512,31.373934426229525,34.111775956284156
-40,10,18.36407103825121,3.409890710382512,31.373934426229525,34.111775956284156
-40,20,18.36407103825121,3.409890710382512,31.373934426229525,34.111775956284156
-40,30,19.201338797814515,3.417786885245902,34.91213114754098,35.24989071038251
-40,40,20.88393442622953,3.0436612021857905,39.24612021857924,35.958497267759554
-40,50,25.92122950819663,3.2145355191256857,18.731693989071054,26.674426229508196
-40,60,24.806693989070823,2.4607650273224024,43.48262295081965,34.03281420765027
-40,70,24.942896174863506,2.2895355191256836,50.59945355191254,26.400737704918047
-40,80,24.942896174863506,2.2895355191256836,50.59945355191254,26.400737704918047
-40,90,19.96251366120225,4.619617486338798,25.723278688524573,31.265081967213106
-40,100,19.96251366120225,4.619617486338798,25.723278688524573,31.265081967213106
-40,110,19.96251366120225,4.619617486338798,25.723278688524573,31.265081967213106
-40,120,19.96251366120225,4.619617486338798,25.723278688524573,31.265081967213106
-40,130,17.98945355191239,4.4138524590163914,33.43658469945354,33.23759562841528
-40,140,15.72188524590149,4.1869398907103825,59.42352459016396,34.65601092896173
-40,150,16.5759836065576,5.145983606557373,43.50887978142076,37.01150273224042
-40,160,18.644863387978262,3.8825956284153,41.281803278688514,36.68202185792353
-40,170,14.762295081967181,2.6127049180327857,45.81639344262291,37.01909836065573
-30,-170,16.210819672131265,3.079153005464481,46.83647540983605,38.679344262295054
-30,-160,16.210819672131265,3.079153005464481,46.83647540983605,38.679344262295054
-30,-150,16.210819672131265,3.079153005464481,46.83647540983605,38.679344262295054
-30,-140,16.210819672131265,3.079153005464481,46.83647540983605,38.679344262295054
-30,-130,16.210819672131265,3.079153005464481,46.83647540983605,38.679344262295054
-30,-120,12.164098360655998,4.630901639344265,51.67491803278693,35.964016393442634
-30,-110,14.009180327868819,3.151912568306007,36.37120218579236,37.395901639344274
-30,-100,14.009180327868819,3.151912568306007,36.37120218579236,37.395901639344274
-30,-90,14.009180327868819,3.151912568306007,36.37120218579236,37.395901639344274
-30,-80,15.531366120218934,2.4694262295081963,37.99991803278687,38.98975409836064
-30,-70,15.578524590164136,2.5510655737704924,38.18341530054645,38.88005464480872
-30,-60,20.53021857923494,5.140218579234973,36.601666666666695,38.51112021857923
-30,-50,20.698087431694034,4.741775956284153,37.27609289617487,36.230437158469904
-30,-40,24.763688524590066,3.0645355191256836,40.66125683060112,35.00860655737704
-30,-30,24.763688524590066,3.0645355191256836,40.66125683060112,35.00860655737704
-30,-20,24.783032786885144,3.1540983606557385,46.43355191256835,34.724754098360656
-30,-10,18.36407103825121,3.409890710382512,31.373934426229525,34.111775956284156
-30,0,18.36407103825121,3.409890710382512,31.373934426229525,34.111775956284156
-30,10,18.36407103825121,3.409890710382512,31.373934426229525,34.111775956284156
-30,20,16.785081967213046,6.494371584699455,32.078142076502765,35.1046174863388
-30,30,18.655491803278494,5.305054644808745,43.830956284153004,36.65407103825136
-30,40,22.666693989071007,3.4896721311475427,42.44043715846992,36.87964480874314
-30,50,25.92122950819663,3.2145355191256857,18.731693989071054,26.674426229508196
-30,60,24.942896174863506,2.2895355191256836,50.59945355191254,26.400737704918047
-30,70,24.942896174863506,2.2895355191256836,50.59945355191254,26.400737704918047
-30,80,24.942896174863506,2.2895355191256836,50.59945355191254,26.400737704918047
-30,90,19.96251366120225,4.619617486338798,25.723278688524573,31.265081967213106
-30,100,19.96251366120225,4.619617486338798,25.723278688524573,31.265081967213106
-30,110,19.96251366120225,4.619617486338798,25.723278688524573,31.265081967213106
-30,120,19.96251366120225,4.619617486338798,25.723278688524573,31.265081967213106
-30,130,17.98945355191239,4.4138524590163914,33.43658469945354,33.23759562841528
-30,140,17.98945355191239,4.4138524590163914,33.43658469945354,33.23759562841528
-30,150,19.210546448087484,4.131229508196718,44.0642076502732,36.527868852459044
-30,160,21.65090163934468,3.5968306010928983,46.78245901639347,35.499071038251344
-30,170,17.107704918032937,2.9434153005464485,51.15226775956279,36.604071038251384
-20,-170,16.210819672131265,3.079153005464481,46.83647540983605,38.679344262295054
-20,-160,16.210819672131265,3.079153005464481,46.83647540983605,38.679344262295054
-20,-150,16.210819672131265,3.079153005464481,46.83647540983605,38.679344262295054
-20,-140,16.210819672131265,3.079153005464481,46.83647540983605,38.679344262295054
-20,-130,26.54177595628414,3.3416939890710355,42.83412568306006,33.017021857923524
-20,-120,25.329890710382358,4.155382513661201,42.79620218579237,33.110327868852444
-20,-110,22.150983606557304,2.8272677595628415,35.642404371584675,36.45065573770493
-20,-100,20.27341530054673,1.9285519125683055,56.99338797814206,31.740218579234966
-20,-90,20.27341530054673,1.9285519125683055,56.99338797814206,31.740218579234966
-20,-80,20.535737704918063,3.7713934426229487,40.216065573770464,38.07890710382515
-20,-70,19.688251366120255,1.7299726775956277,41.187267759562836,34.7003825136612
-20,-60,25.17543715846972,4.365765027322404,55.398606557377065,29.219863387978144
-20,-50,25.04418032786873,4.688633879781424,36.225218579234976,33.65975409836066
-20,-40,25.4365573770491,2.881092896174864,41.41830601092893,31.975628415300545
-20,-30,25.726748633879936,2.3303551912568308,47.87366120218578,27.307486338797816
-20,-20,26.404125683060045,2.5059289617486344,52.960218579235,30.35071038251367
-20,-10,20.40325136612023,5.477650273224044,34.110409836065536,29.373524590163917
-20,0,20.40325136612023,5.477650273224044,34.110409836065536,29.373524590163917
-20,10,20.40325136612023,5.477650273224044,34.110409836065536,29.373524590163917
-20,20,20.921912568306254,6.031120218579233,23.011475409836063,27.524180327868862
-20,30,19.955710382513587,5.405601092896179,29.22926229508198,31.644207650273202
-20,40,26.028825136612113,3.402049180327868,37.55278688524588,32.07510928961747
-20,50,25.102103825136737,2.6237704918032785,53.449781420765035,26.78844262295084
-20,60,25.71800546448077,1.9565300546448117,50.181994535519095,26.597677595628415
-20,70,25.71800546448077,1.9565300546448117,50.181994535519095,26.597677595628415
-20,80,25.71800546448077,1.9565300546448117,50.181994535519095,26.597677595628415
-20,90,27.37177595628424,1.9627322404371594,63.33953551912565,31.90975409836064
-20,100,24.979371584699265,3.2238524590163937,65.42748633879783,30.241038251366138
-20,110,26.214808743169726,2.917841530054645,57.99371584699455,31.816557377049186
-20,120,28.531639344262373,2.523934426229508,39.04218579234974,29.556338797814213
-20,130,28.531639344262373,2.523934426229508,39.04218579234974,29.556338797814213
-20,140,25.797322404371698,3.007213114754096,52.891748633879764,30.124999999999964
-20,150,25.56505464480898,2.967322404371584,44.271038251366114,31.547049180327882
-20,160,21.60325136612022,3.8944808743169363,36.57153005464482,31.430628415300554
-20,170,21.65090163934468,3.5968306010928983,46.78245901639347,35.499071038251344
-10,-170,17.107704918032937,2.9434153005464485,51.15226775956279,36.604071038251384
-10,-160,25.452213114754045,2.2337978142076502,44.28002732240443,27.52087431693989
-10,-150,25.452213114754045,2.2337978142076502,44.28002732240443,27.52087431693989
-10,-140,25.452213114754045,2.2337978142076502,44.28002732240443,27.52087431693989
-10,-130,26.54177595628414,3.3416939890710355,42.83412568306006,33.017021857923524
-10,-120,26.54177595628414,3.3416939890710355,42.83412568306006,33.017021857923524
-10,-110,28.077459016393732,2.554644808743171,42.72142076502731,28.88464480874316
-10,-100,25.329890710382358,4.155382513661201,42.79620218579237,33.110327868852444
-10,-90,25.329890710382358,4.155382513661201,42.79620218579237,33.110327868852444
-10,-80,20.571721311475244,2.0639890710382525,50.54060109289625,32.580245901639344
-10,-70,11.465081967213223,5.1486338797814195,51.45122950819668,27.85516393442623
-10,-60,27.835956284153042,3.4769398907103835,37.65281420765029,28.022622950819674
-10,-50,28.072868852459123,3.7734972677595646,34.111994535519145,25.7353825136612
-10,-40,28.44524590163911,3.7686338797814183,30.296994535519133,29.65248633879782
-10,-30,27.545163934426398,1.6353278688524602,55.23467213114756,26.8966393442623
-10,-20,27.545163934426398,1.6353278688524602,55.23467213114756,26.8966393442623
-10,-10,27.11366120218571,1.8137158469945347,57.54420765027321,29.87967213114754
-10,0,27.377240437158378,1.4397540983606563,59.87857923497266,30.417650273224044
-10,10,26.140710382513532,2.042185792349727,50.38603825136608,31.43931693989071
-10,20,26.120109289617517,4.167349726775959,52.81177595628415,31.95912568306014
-10,30,21.24950819672125,4.585765027322406,41.9734699453552,28.22464480874316
-10,40,27.188032786885344,1.8589617486338776,39.8630601092896,29.317240437158457
-10,50,28.043087431694403,3.0488797814207635,30.721857923497264,23.566584699453564
-10,60,25.71800546448077,1.9565300546448117,50.181994535519095,26.597677595628415
-10,70,29.74565573770525,1.3399180327868856,62.01713114754092,25.729398907103803
-10,80,29.74565573770525,1.3399180327868856,62.01713114754092,25.729398907103803
-10,90,27.37177595628424,1.9627322404371594,63.33953551912565,31.90975409836064
-10,100,27.37177595628424,1.9627322404371594,63.33953551912565,31.90975409836064
-10,110,26.23592896174864,3.274262295081966,59.786448087431744,32.32439890710385
-10,120,27.374672131147577,1.8663934426229511,51.93382513661202,33.30139344262298
-10,130,28.19885245901645,1.4363661202185787,45.92874316939889,34.520191256830614
-10,140,27.711065573770554,2.102021857923498,59.350983606557335,31.054535519125682
-10,150,27.711065573770554,2.102021857923498,59.350983606557335,31.054535519125682
-10,160,27.711065573770554,2.102021857923498,59.350983606557335,31.054535519125682
-10,170,27.711065573770554,2.102021857923498,59.350983606557335,31.054535519125682
0,-170,25.452213114754045,2.2337978142076502,44.28002732240443,27.52087431693989
0,-160,25.452213114754045,2.2337978142076502,44.28002732240443,27.52087431693989
0,-150,25.452213114754045,2.2337978142076502,44.28002732240443,27.52087431693989
0,-140,25.452213114754045,2.2337978142076502,44.28002732240443,27.52087431693989
0,-130,24.60382513661193,5.127377049180331,26.316557377049193,29.888688524590133
0,-120,26.54177595628414,3.3416939890710355,42.83412568306006,33.017021857923524
0,-110,28.077459016393732,2.554644808743171,42.72142076502731,28.88464480874316
0,-100,27.681147540983602,3.4495081967213115,44.04874316939892,25.616338797814212
0,-90,25.86046448087444,2.0001912568306004,63.565874316939905,27.85234972677596
0,-80,22.64005464480897,2.7633879781420787,81.96972677595619,20.752049180327877
0,-70,26.366065573770868,4.647896174863388,55.81306010928965,28.707513661202192
0,-60,29.031311475410007,3.079699453551911,41.885382513661206,29.74784153005461
0,-50,29.180218579234634,2.9410655737704925,46.80464480874318,25.694480874316945
0,-40,28.765983606557256,3.057814207650273,40.084207650273214,28.22915300546447
0,-30,27.413169398907314,2.407267759562842,46.74131147540987,25.24704918032789
0,-20,27.60038251366126,1.84204918032787,57.364644808743215,27.637486338797792
0,-10,27.11366120218571,1.8137158469945347,57.54420765027321,29.87967213114754
0,0,27.613879781420906,1.5305464480874316,55.08092896174869,31.769426229508202
0,10,27.419617486338666,1.7449726775956271,57.19480874316937,28.36469945355191
0,20,26.37762295081933,3.42584699453552,60.85502732240435,32.83644808743168
0,30,19.860956284152962,3.8718579234972643,55.33204918032786,33.224316939890734
0,40,27.818169398907116,1.085846994535519,48.63636612021857,34.298306010928975
0,50,27.88510928961756,1.3806284153005473,49.32510928961748,32.465081967213095
0,60,29.74565573770525,1.3399180327868856,62.01713114754092,25.729398907103803
0,70,29.74565573770525,1.3399180327868856,62.01713114754092,25.729398907103803
0,80,28.40371584699443,2.244344262295082,55.9979781420765,30.34122950819673
0,90,27.818879781421003,2.125109289617487,65.61442622950818,31.247431693989085
0,100,24.762349726775938,3.10032786885246,72.45814207650267,27.842677595628395
0,110,28.04040983606552,2.700628415300546,58.275874316939905,26.982322404371565
0,120,27.176229508196684,2.6632786885245907,64.04510928961753,31.81308743169402
0,130,28.065136612021718,1.6256010928961744,66.13500000000003,32.073852459016365
0,140,27.956229508196543,2.4792349726775957,62.34734972677597,32.5442349726776
0,150,27.956229508196543,2.4792349726775957,62.34734972677597,32.5442349726776
0,160,27.711065573770554,2.102021857923498,59.350983606557335,31.054535519125682
0,170,27.711065573770554,2.102021857923498,59.350983606557335,31.054535519125682
10,-170,25.452213114754045,2.2337978142076502,44.28002732240443,27.52087431693989
10,-160,25.452213114754045,2.2337978142076502,44.28002732240443,27.52087431693989
10,-150,25.452213114754045,2.2337978142076502,44.28002732240443,27.52087431693989
10,-140,25.452213114754045,2.2337978142076502,44.28002732240443,27.52087431693989
10,-130,24.60382513661193,5.127377049180331,26.316557377049193,29.888688524590133
10,-120,24.60382513661193,5.127377049180331,26.316557377049193,29.888688524590133
10,-110,26.54177595628414,3.3416939890710355,42.83412568306006,33.017021857923524
10,-100,28.077459016393732,2.554644808743171,42.72142076502731,28.88464480874316
10,-90,25.712677595628406,3.769344262295084,34.61193989071037,30.569836065573764
10,-80,28.21573770491767,2.5371584699453535,45.73754098360656,25.08054644808744
10,-70,25.4691803278688,4.114043715846998,52.619016393442614,31.531967213114736
10,-60,28.599726775956185,3.498196721311477,54.12166666666669,33.12158469945354
10,-50,28.000655737705074,2.5030601092896174,42.17177595628412,27.021502732240453
10,-40,28.765983606557256,3.057814207650273,40.084207650273214,28.22915300546447
10,-30,25.945846994535486,2.321639344262295,35.90762295081968,28.315710382513664
10,-20,28.143497267759756,4.2926775956284144,37.40218579234973,31.980273224043707
10,-10,27.505628415300464,4.6009562841530105,48.09344262295084,32.164699453551926
10,0,29.705464480874184,4.119590163934424,45.77557377049177,32.31672131147545
10,10,26.2254918032786,5.4345355191256814,42.55226775956284,34.28770491803279
10,20,29.08707650273243,4.648251366120218,38.295928961748636,34.5603278688525
10,30,29.681174863388264,4.5324316939890705,45.14986338797815,32.24177595628414
10,40,16.09259562841504,4.86898907103825,44.26584699453549,33.398606557377065
10,50,28.285464480874452,2.3830601092896178,28.17603825136615,31.43609289617486
10,60,27.49251366120228,2.2085792349726763,35.49877049180326,24.14508196721312
10,70,28.07598360655743,2.6715846994535504,48.11158469945355,24.665956284153005
10,80,29.08590163934406,1.0285519125683056,56.190655737704965,34.63795081967214
10,90,28.993633879781328,1.2787158469945366,58.31928961748638,28.3441530054645
10,100,28.42185792349767,3.0613114754098367,54.72565573770491,31.252896174863412
10,110,27.681147540983318,2.574234972677597,56.77068306010924,33.23811475409835
10,120,28.826994535519248,1.9287704918032766,58.004043715847004,31.77325136612021
10,130,27.05969945355173,2.5727049180327852,62.76784153005464,33.434617486338794
10,140,27.956229508196543,2.4792349726775957,62.34734972677597,32.5442349726776
10,150,27.956229508196543,2.4792349726775957,62.34734972677597,32.5442349726776
10,160,27.956229508196543,2.4792349726775957,62.34734972677597,32.5442349726776
10,170,27.711065573770554,2.102021857923498,59.350983606557335,31.054535519125682
20,-170,25.452213114754045,2.2337978142076502,44.28002732240443,27.52087431693989
20,-160,25.452213114754045,2.2337978142076502,44.28002732240443,27.52087431693989
20,-150,25.452213114754045,2.2337978142076502,44.28002732240443,27.52087431693989
20,-140,25.452213114754045,2.2337978142076502,44.28002732240443,27.52087431693989
20,-130,17.709617486338857,5.356284153005467,26.110765027322387,31.640628415300558
20,-120,24.60382513661193,5.127377049180331,26.316557377049193,29.888688524590133
20,-110,24.60382513661193,5.127377049180331,26.316557377049193,29.888688524590133
20,-100,18.206612021857836,5.705710382513666,47.9799453551913,31.864863387978126
20,-90,27.905601092896234,3.52693989071038,39.158415300546444,29.544153005464462
20,-80,26.248852459016632,3.4059836065573776,40.47885245901636,33.52002732240439
20,-70,26.987732240436856,3.0584426229508206,41.16516393442627,25.282404371584715
20,-60,27.702868852459233,2.0623224043715824,43.83920765027319,22.952868852459012
20,-50,28.000655737705074,2.5030601092896174,42.17177595628412,27.021502732240453
20,-40,25.945846994535486,2.321639344262295,35.90762295081968,28.315710382513664
20,-30,25.945846994535486,2.321639344262295,35.90762295081968,28.315710382513664
20,-20,26.010382513661398,4.2666120218579255,28.264644808743167,33.352131147540995
20,-10,26.010382513661398,4.2666120218579255,28.264644808743167,33.352131147540995
20,0,31.257568306010967,4.66666666666667,27.70814207650273,32.67540983606559
20,10,29.011857923497473,5.438879781420767,29.872158469945358,33.60292349726779
20,20,27.220000000000027,5.33193989071038,35.62147540983605,32.594754098360674
20,30,30.85699453551888,5.3518852459016415,19.148934426229513,26.623551912568303
20,40,25.41590163934427,4.956120218579236,19.332185792349737,26.252404371584692
20,50,27.49251366120228,2.2085792349726763,35.49877049180326,24.14508196721312
20,60,28.927950819672333,3.089180327868851,16.555737704918037,26.20374316939889
20,70,27.879316939890828,2.4203005464480873,33.92327868852462,25.67240437158471
20,80,28.083087431694025,4.644043715847,40.80174863387979,29.749098360655722
20,90,26.85297814207655,2.32948087431694,44.15374316939889,29.055437158469953
20,100,27.699945355191517,3.971120218579235,39.21887978142075,23.26030054644809
20,110,25.719863387978478,3.039644808743169,49.4046174863388,35.116120218579226
20,120,27.778934426229625,2.848989071038254,48.17054644808741,29.691502732240426
20,130,24.470382513661264,2.2772677595628434,54.999180327868835,27.22363387978144
20,140,24.097896174863138,2.4616666666666664,52.60939890710386,32.338879781420744
20,150,17.860792349726694,3.270901639344262,55.85267759562839,32.045573770491764
20,160,17.820027322404428,3.3515573770491804,56.21519125683061,32.37336065573769
20,170,25.452213114754045,2.2337978142076502,44.28002732240443,27.52087431693989
30,-170,25.452213114754045,2.2337978142076502,44.28002732240443,27.52087431693989
30,-160,25.452213114754045,2.2337978142076502,44.28002732240443,27.52087431693989
30,-150,25.452213114754045,2.2337978142076502,44.28002732240443,27.52087431693989
30,-140,15.202868852459005,3.7608469945355174,41.820491803278664,34.83789617486338
30,-130,15.040327868852444,4.093360655737705,33.90978142076502,39.78125683060109
30,-120,17.709617486338857,5.356284153005467,26.110765027322387,31.640628415300558
30,-110,26.131475409835673,5.920464480874318,26.93379781420765,29.938005464480863
30,-100,23.097923497268027,5.486229508196717,27.117486338797793,36.508469945355166
30,-90,22.436639344262403,4.172322404371584,38.61158469945356,37.03740437158474
30,-80,22.332786885245753,4.316857923497265,44.700218579234985,35.54860655737705
30,-70,19.200136612021936,4.770245901639345,31.731338797814207,37.15199453551914
30,-60,27.699480874316862,2.063442622950822,46.40841530054644,23.71617486338797
30,-50,8.028579234972767,4.395573770491803,66.83497267759563,30.266502732240454
30,-40,20.45475409836041,2.3606010928961756,37.43554644808743,20.94221311475409
30,-30,20.45475409836041,2.3606010928961756,37.43554644808743,20.94221311475409
30,-20,19.892404371584632,2.7300000000000013,38.8232240437158,31.837021857923517
30,-10,20.413688524590043,4.784098360655736,24.908715846994507,31.34991803278692
30,0,23.262213114754275,5.049836065573772,23.729535519125697,29.915355191256847
30,10,22.82101092896164,3.3380874316939884,23.48005464480875,30.665765027322415
30,20,22.917868852459094,4.681120218579236,18.34822404371585,26.309371584699438
30,30,23.375054644808642,5.66628415300547,13.023551912568298,22.20811475409839
30,40,24.5692076502732,5.40133879781421,12.658196721311484,22.80215846994535
30,50,27.246420765027096,2.8827322404371576,16.69587431693987,26.146448087431686
30,60,19.655601092896404,6.82338797814208,13.874207650273222,23.695628415300558
30,70,27.646912568306334,4.928060109289617,17.91655737704917,26.97655737704919
30,80,21.238333333333344,5.694234972677595,31.30663934426232,31.626748633879775
30,90,19.983961748633817,5.712131147540981,47.77551912568301,32.076065573770485
30,100,7.345409836065812,5.2953825136612025,61.184890710382476,34.08964480874319
30,110,17.068387978142027,4.8743169398907105,57.679590163934435,37.69715846994534
30,120,19.213005464481,4.3573497267759596,52.04270491803273,37.68188524590161
30,130,17.892103825136417,4.061639344262299,55.11382513661197,33.82327868852457
30,140,18.258961748633624,3.222978142076504,51.983715846994585,34.596857923497296
30,150,17.018797814207744,3.8131693989071027,55.01991803278692,28.67027322404374
30,160,15.046939890710462,4.213251366120218,55.669426229508176,35.32800546448087
30,170,8.067349726775888,3.8895355191256815,55.30860655737708,33.19254098360656
40,-170,25.452213114754045,2.2337978142076502,44.28002732240443,27.52087431693989
40,-160,25.452213114754045,2.2337978142076502,44.28002732240443,27.52087431693989
40,-150,25.452213114754045,2.2337978142076502,44.28002732240443,27.52087431693989
40,-140,12.803661202185936,4.829125683060107,52.66868852459016,34.94704918032789
40,-130,15.541775956284198,5.279125683060107,32.68142076502731,38.45901639344263
40,-120,11.834508196721117,6.303743169398906,29.59666666666666,32.056038251366104
40,-110,11.93540983606556,5.671010928961752,32.81407103825139,34.81382513661201
40,-100,12.787568306010996,6.2857103825136615,31.033879781420744,37.348661202185774
40,-90,13.380163934426378,5.8992622950819635,35.880737704918,38.147267759562844
40,-80,12.519316939891041,5.718743169398909,47.92071038251361,39.01762295081967
40,-70,12.07278688524599,4.98483606557377,47.66133879781422,38.098387978142085
40,-60,8.954098360655962,4.3770218579234985,62.60937158469941,34.689945355191234
40,-50,8.028579234972767,4.395573770491803,66.83497267759563,30.266502732240454
40,-40,8.028579234972767,4.395573770491803,66.83497267759563,30.266502732240454
40,-30,20.45475409836041,2.3606010928961756,37.43554644808743,20.94221311475409
40,-20,20.45475409836041,2.3606010928961756,37.43554644808743,20.94221311475409
40,-10,16.461857923497348,4.520628415300546,43.8172950819672,37.412486338797805
40,0,19.248934426229653,3.989644808743168,33.00505464480873,34.836693989071044
40,10,19.160409836065583,3.3923497267759575,17.39387978142078,21.56469945355192
40,20,16.919289617486413,5.876229508196721,39.094071038251364,34.20453551912571
40,30,14.429098360655928,5.655928961748636,39.240027322404345,33.43423497267761
40,40,12.050218579235093,6.879426229508199,37.24527322404367,30.50964480874316
40,50,16.942322404371453,3.388114754098362,34.40295081967209,32.18030054644811
40,60,15.388633879781423,6.028360655737696,21.93491803278689,30.59155737704916
40,70,16.643715846994553,5.001502732240437,44.93581967213115,33.39355191256829
40,80,14.479699453551916,5.5807923497267735,38.27896174863386,37.19087431693988
40,90,12.98013661202208,8.51724043715847,35.92508196721312,36.763579234972624
40,100,7.720546448087703,6.6557650273224125,36.87420765027324,37.73439890710383
40,110,8.46653005464492,6.164207650273221,33.08920765027322,36.520956284153044
40,120,12.000710382513716,5.207923497267762,35.59967213114751,37.53513661202186
40,130,8.161748633879597,4.8486885245901705,42.574043715847,37.21412568306007
40,140,12.68112021857928,3.830191256830598,65.61748633879776,29.347978142076503
40,150,8.067349726775888,3.8895355191256815,55.30860655737708,33.19254098360656
40,160,8.067349726775888,3.8895355191256815,55.30860655737708,33.19254098360656
40,170,8.067349726775888,3.8895355191256815,55.30860655737708,33.19254098360656
50,-170,4.3291803278690395,4.370737704918037,55.83901639344262,38.236092896174874
50,-160,4.3291803278690395,4.370737704918037,55.83901639344262,38.236092896174874
50,-150,4.3291803278690395,4.370737704918037,55.83901639344262,38.236092896174874
50,-140,11.773825136611777,3.537213114754094,55.58117486338799,36.83713114754098
50,-130,11.773825136611777,3.537213114754094,55.58117486338799,36.83713114754098
50,-120,10.28346994535508,5.314398907103826,53.54983606557382,36.47497267759562
50,-110,5.627377049180552,6.769754098360658,57.03404371584699,33.423907103825115
50,-100,5.006557377049376,6.304098360655736,56.47937158469944,34.59087431693989
50,-90,5.006557377049376,6.304098360655736,56.47937158469944,34.59087431693989
50,-80,5.96319672131159,5.87489071038251,62.976174863387975,32.97650273224044
50,-70,4.920245901639362,5.772295081967212,68.36956284153008,30.329808743169423
50,-60,8.028579234972767,4.395573770491803,66.83497267759563,30.266502732240454
50,-50,8.028579234972767,4.395573770491803,66.83497267759563,30.266502732240454
50,-40,8.028579234972767,4.395573770491803,66.83497267759563,30.266502732240454
50,-30,11.73259562841514,2.8477049180327882,59.01101092896177,25.358387978142037
50,-20,11.73259562841514,2.8477049180327882,59.01101092896177,25.358387978142037
50,-10,11.73259562841514,2.8477049180327882,59.01101092896177,25.358387978142037
50,0,12.920546448087407,3.592786885245906,52.00726775956283,38.610792349726765
50,10,12.005792349726903,4.630874316939891,58.70904371584704,32.342568306010946
50,20,11.059016393442505,4.853551912568302,42.34743169398906,33.14978142076502
50,30,10.697595628415456,5.034453551912574,52.88926229508192,36.583005464480884
50,40,11.472896174863365,5.2636065573770505,52.863142076502754,35.53357923497267
50,50,8.269644808743465,6.357704918032786,37.99131147540981,37.191366120218575
50,60,6.713087431694021,6.118251366120217,44.61923497267757,38.656284153005465
50,70,4.694672131147399,6.465546448087429,40.367595628415266,36.8049453551913
50,80,6.214836065573763,6.482650273224044,38.75494535519125,36.17062841530054
50,90,2.0435245901642247,6.813469945355187,41.5352732240437,38.334125683060115
50,100,2.4574590163933863,6.170327868852462,45.41267759562839,38.629234972677594
50,110,1.346721311475335,6.035491803278686,42.15969945355195,31.29710382513662
50,120,1.335437158469972,6.239972677595626,46.62084699453547,38.228661202185805
50,130,2.7016939890712024,5.437486338797817,31.486393442622937,30.24314207650272
50,140,1.7717486338796675,5.309398907103824,57.02959016393441,37.35412568306008
50,150,4.387295081967238,4.97398907103825,52.49822404371588,30.174808743169347
50,160,4.387295081967238,4.97398907103825,52.49822404371588,30.174808743169347
50,170,4.387295081967238,4.97398907103825,52.49822404371588,30.174808743169347
60,-170,4.3291803278690395,4.370737704918037,55.83901639344262,38.236092896174874
60,-160,4.3291803278690395,4.370737704918037,55.83901639344262,38.236092896174874
60,-150,4.3291803278690395,4.370737704918037,55.83901639344262,38.236092896174874
60,-140,4.3291803278690395,4.370737704918037,55.83901639344262,38.236092896174874
60,-130,4.3291803278690395,4.370737704918037,55.83901639344262,38.236092896174874
60,-120,5.225382513661145,6.653688524590159,52.243333333333354,38.07368852459016
60,-110,5.225382513661145,6.653688524590159,52.243333333333354,38.07368852459016
60,-100,4.194808743169517,6.959644808743169,57.406010928961734,33.40658469945354
60,-90,5.006557377049376,6.304098360655736,56.47937158469944,34.59087431693989
60,-80,4.920245901639362,5.772295081967212,68.36956284153008,30.329808743169423
60,-70,4.920245901639362,5.772295081967212,68.36956284153008,30.329808743169423
60,-60,4.920245901639362,5.772295081967212,68.36956284153008,30.329808743169423
60,-50,8.028579234972767,4.395573770491803,66.83497267759563,30.266502732240454
60,-40,8.028579234972767,4.395573770491803,66.83497267759563,30.266502732240454
60,-30,11.052349726776015,3.1083879781420753,58.444453551912574,33.0800819672131
60,-20,10.426502732240408,3.3651366120218587,64.34724043715849,31.238032786885224
60,-10,9.921120218579233,3.304808743169402,54.987923497267744,33.972431693989066
60,0,9.002513661202329,3.514945355191257,54.95934426229509,31.545491803278694
60,10,8.0416666666668,4.365601092896176,54.06412568306011,38.179972677595615
60,20,8.948606557377047,4.154535519125686,45.0818852459016,36.09543715846995
60,30,7.648934426229687,4.597650273224044,51.968442622950825,34.07333333333333
60,40,5.33617486338818,5.16857923497268,62.2770765027322,34.66016393442623
60,50,4.4297267759563965,5.478907103825136,64.01726775956286,32.983142076502716
60,60,3.3021857923496896,5.659344262295083,66.88273224043715,32.672213114754115
60,70,0.937377049180327,6.570081967213106,57.87499999999997,34.17893442622951
60,80,0.7400819672133707,6.544180327868847,43.6251912568306,38.51450819672128
60,90,2.2285245901639996,6.0329234972677614,61.447732240437134,36.19133879781424
60,100,0.7327868852458437,6.150765027322404,63.83535519125687,34.18650273224041
60,110,-3.444590163934265,6.851639344262295,57.535874316939896,35.96027322404371
60,120,-3.444590163934265,6.851639344262295,57.535874316939896,35.96027322404371
60,130,-6.3856010928960245,6.013633879781419,35.44002732240439,33.63401639344258
60,140,-6.3856010928960245,6.013633879781419,35.44002732240439,33.63401639344258
60,150,-6.3856010928960245,6.013633879781419,35.44002732240439,33.63401639344258
60,160,-6.3856010928960245,6.013633879781419,35.44002732240439,33.63401639344258
60,170,-6.3856010928960245,6.013633879781419,35.44002732240439,33.63401639344258
70,-170,4.3291803278690395,4.370737704918037,55.83901639344262,38.236092896174874
70,-160,4.3291803278690395,4.370737704918037,55.83901639344262,38.236092896174874
70,-150,4.3291803278690395,4.370737704918037,55.83901639344262,38.236092896174874
70,-140,4.3291803278690395,4.370737704918037,55.83901639344262,38.236092896174874
70,-130,4.3291803278690395,4.370737704918037,55.83901639344262,38.236092896174874
70,-120,4.3291803278690395,4.370737704918037,55.83901639344262,38.236092896174874
70,-110,5.225382513661145,6.653688524590159,52.243333333333354,38.07368852459016
70,-100,5.225382513661145,6.653688524590159,52.243333333333354,38.07368852459016
70,-90,4.194808743169517,6.959644808743169,57.406010928961734,33.40658469945354
70,-80,4.194808743169517,6.959644808743169,57.406010928961734,33.40658469945354
70,-70,4.920245901639362,5.772295081967212,68.36956284153008,30.329808743169423
70,-60,4.920245901639362,5.772295081967212,68.36956284153008,30.329808743169423
70,-50,7.497103825136605,4.0524316939890745,57.077486338797826,37.36128415300547
70,-40,7.497103825136605,4.0524316939890745,57.077486338797826,37.36128415300547
70,-30,7.497103825136605,4.0524316939890745,57.077486338797826,37.36128415300547
70,-20,7.497103825136605,4.0524316939890745,57.077486338797826,37.36128415300547
70,-10,7.497103825136605,4.0524316939890745,57.077486338797826,37.36128415300547
70,0,7.497103825136605,4.0524316939890745,57.077486338797826,37.36128415300547
70,10,7.497103825136605,4.0524316939890745,57.077486338797826,37.36128415300547
70,20,1.9625409836067433,5.783333333333331,61.29942622950821,33.261612021857935
70,30,1.9625409836067433,5.783333333333331,61.29942622950821,33.261612021857935
70,40,1.9625409836067433,5.783333333333331,61.29942622950821,33.261612021857935
70,50,1.9625409836067433,5.783333333333331,61.29942622950821,33.261612021857935
70,60,2.6503551912572334,6.203770491803282,68.1427595628415,32.46975409836068
70,70,-5.716202185792383,7.075163934426228,63.76295081967216,33.980546448087416
70,80,-5.716202185792383,7.075163934426228,63.76295081967216,33.980546448087416
70,90,-5.716202185792383,7.075163934426228,63.76295081967216,33.980546448087416
70,100,-5.716202185792383,7.075163934426228,63.76295081967216,33.980546448087416
70,110,-5.716202185792383,7.075163934426228,63.76295081967216,33.980546448087416
70,120,-3.444590163934265,6.851639344262295,57.535874316939896,35.96027322404371
70,130,-6.3856010928960245,6.013633879781419,35.44002732240439,33.63401639344258
70,140,-6.3856010928960245,6.013633879781419,35.44002732240439,33.63401639344258
70,150,-6.3856010928960245,6.013633879781419,35.44002732240439,33.63401639344258
70,160,-6.3856010928960245,6.013633879781419,35.44002732240439,33.63401639344258
70,170,-6.3856010928960245,6.013633879781419,35.44002732240439,33.63401639344258
80,-170,4.3291803278690395,4.370737704918037,55.83901639344262,38.236092896174874
80,-160,4.3291803278690395,4.370737704918037,55.83901639344262,38.236092896174874
80,-150,4.3291803278690395,4.370737704918037,55.83901639344262,38.236092896174874
80,-140,4.3291803278690395,4.370737704918037,55.83901639344262,38.236092896174874
80,-130,4.3291803278690395,4.370737704918037,55.83901639344262,38.236092896174874
80,-120,4.3291803278690395,4.370737704918037,55.83901639344262,38.236092896174874
80,-110,4.3291803278690395,4.370737704918037,55.83901639344262,38.236092896174874
80,-100,4.3291803278690395,4.370737704918037,55.83901639344262,38.236092896174874
80,-90,4.3291803278690395,4.370737704918037,55.83901639344262,38.236092896174874
80,-80,1.9625409836067433,5.783333333333331,61.29942622950821,33.261612021857935
80,-70,1.9625409836067433,5.783333333333331,61.29942622950821,33.261612021857935
80,-60,1.9625409836067433,5.783333333333331,61.29942622950821,33.261612021857935
80,-50,1.9625409836067433,5.783333333333331,61.29942622950821,33.261612021857935
80,-40,1.9625409836067433,5.783333333333331,61.29942622950821,33.261612021857935
80,-30,1.9625409836067433,5.783333333333331,61.29942622950821,33.261612021857935
80,-20,1.9625409836067433,5.783333333333331,61.29942622950821,33.261612021857935
80,-10,1.9625409836067433,5.783333333333331,61.29942622950821,33.261612021857935
80,0,1.9625409836067433,5.783333333333331,61.29942622950821,33.261612021857935
80,10,1.9625409836067433,5.783333333333331,61.29942622950821,33.261612021857935
80,20,1.9625409836067433,5.783333333333331,61.29942622950821,33.261612021857935
80,30,1.9625409836067433,5.783333333333331,61.29942622950821,33.261612021857935
80,40,1.9625409836067433,5.783333333333331,61.29942622950821,33.261612021857935
80,50,1.9625409836067433,5.783333333333331,61.29942622950821,33.261612021857935
80,60,-5.716202185792383,7.075163934426228,63.76295081967216,33.980546448087416
80,70,-5.716202185792383,7.075163934426228,63.76295081967216,33.980546448087416
80,80,-5.716202185792383,7.075163934426228,63.76295081967216,33.980546448087416
80,90,-5.716202185792383,7.075163934426228,63.76295081967216,33.980546448087416
80,100,-5.716202185792383,7.075163934426228,63.76295081967216,33.980546448087416
80,110,-5.716202185792383,7.075163934426228,63.76295081967216,33.980546448087416
80,120,-5.716202185792383,7.075163934426228,63.76295081967216,33.980546448087416
80,130,-5.716202185792383,7.075163934426228,63.76295081967216,33.980546448087416
80,140,-5.716202185792383,7.075163934426228,63.76295081967216,33.980546448087416
80,150,-5.716202185792383,7.075163934426228,63.76295081967216,33.980546448087416
80,160,-5.716202185792383,7.075163934426228,63.76295081967216,33.980546448087416
80,170,-6.3856010928960245,6.013633879781419,35.44002732240439,33.63401639344258
-90,180,7.576502732240385,2.9566939890710366,48.74603825136614,32.37524590163938
-80,180,11.551639344262412,3.9663114754098343,53.60330601092898,37.81013661202185
-70,180,11.551639344262412,3.9663114754098343,53.60330601092898,37.81013661202185
-60,180,11.551639344262412,3.9663114754098343,53.60330601092898,37.81013661202185
-50,180,11.551639344262412,3.9663114754098343,53.60330601092898,37.81013661202185
-40,180,16.210819672131265,3.079153005464481,46.83647540983605,38.679344262295054
-30,180,17.107704918032937,2.9434153005464485,51.15226775956279,36.604071038251384
-20,180,17.107704918032937,2.9434153005464485,51.15226775956279,36.604071038251384
-10,180,17.107704918032937,2.9434153005464485,51.15226775956279,36.604071038251384
0,180,25.452213114754045,2.2337978142076502,44.28002732240443,27.52087431693989
10,180,25.452213114754045,2.2337978142076502,44.28002732240443,27.52087431693989
20,180,25.452213114754045,2.2337978142076502,44.28002732240443,27.52087431693989
30,180,25.452213114754045,2.2337978142076502,44.28002732240443,27.52087431693989
40,180,25.452213114754045,2.2337978142076502,44.28002732240443,27.52087431693989
50,180,4.3291803278690395,4.370737704918037,55.83901639344262,38.236092896174874
60,180,4.3291803278690395,4.370737704918037,55.83901639344262,38.236092896174874
70,180,4.3291803278690395,4.370737704918037,55.83901639344262,38.236092896174874
80,180,4.3291803278690395,4.370737704918037,55.83901639344262,38.236092896174874
90,180,-5.716202185792383,7.075163934426228,63.76295081967216,33.980546448087416
